{
  "K": 0.5939290748038017,
  "final_mse": 0.09660502740234302,
  "generation_depth": 4,
  "random_opening_plies": 4,
  "tb_adjudication_pieces": 4,
  "mg": {
    "Pawn": 100,
    "Knight": 1160,
    "Bishop": 820,
    "Rook": 530,
    "Queen": 1340
  },
  "eg": {
    "Pawn": 50,
    "Knight": 1020,
    "Bishop": 560,
    "Rook": 775,
    "Queen": 1025
  },
  "games_used": 200,
  "positions_used": 6116,
  "timestamp": "2026-03-11 14:24:42"
}