{
  "K": 0.637179642515229,
  "final_mse": 0.09451359658003576,
  "generation_depth": 4,
  "random_opening_plies": 4,
  "tb_adjudication_pieces": 5,
  "mg": {
    "Pawn": 100,
    "Knight": 1050,
    "Bishop": 810,
    "Rook": 480,
    "Queen": 1075
  },
  "eg": {
    "Pawn": 60,
    "Knight": 980,
    "Bishop": 510,
    "Rook": 740,
    "Queen": 1030
  },
  "total_positions": 9473,
  "timestamp": "2026-03-11 19:30:20"
}