{
  "K": 0.6311140654845488,
  "final_mse": 0.09803970682650724,
  "generation_depth": 5,
  "random_opening_plies": 4,
  "tb_adjudication_pieces": 4,
  "mg": {
    "Pawn": 100,
    "Knight": 940,
    "Bishop": 820,
    "Rook": 620,
    "Queen": 895
  },
  "eg": {
    "Pawn": 50,
    "Knight": 715,
    "Bishop": 610,
    "Rook": 980,
    "Queen": 1005
  },
  "total_positions": 17292,
  "timestamp": "2026-03-13 20:06:08"
}