{
  "K": 0.7963742750405733,
  "final_mse": 0.07448380938309407,
  "generation_depth": 4,
  "random_opening_plies": 4,
  "tb_adjudication_pieces": 4,
  "mg": {
    "Pawn": 100,
    "Knight": 1480,
    "Bishop": 530,
    "Rook": 200,
    "Queen": 1190
  },
  "eg": {
    "Pawn": 55,
    "Knight": 500,
    "Bishop": 700,
    "Rook": 735,
    "Queen": 750
  },
  "total_positions": 1476,
  "timestamp": "2026-03-13 01:01:28"
}