{
    "timestamp": "2026-03-15 17:00:04",
    "version": "106.5",
    "target_depth": 6,
    "num_runs": 1,
    "passes": [
        {
            "nodes": 652873,
            "time": 56.263025522232056,
            "knps": 11.603944045668507
        }
    ],
    "overall_averages": {
        "total_nodes_per_pass": 652873.0,
        "total_time_sec_per_pass": 56.263025522232056,
        "avg_knps": 11.603944045668507
    }
}