{
    "timestamp": "2026-03-23 19:15:53",
    "version": "108",
    "target_depth": 6,
    "num_runs": 1,
    "passes": [
        {
            "nodes": 701577,
            "time": 89.21216773986816,
            "knps": 7.864140259944286
        }
    ],
    "overall_averages": {
        "total_nodes_per_pass": 701577.0,
        "total_time_sec_per_pass": 89.21216773986816,
        "avg_knps": 7.864140259944286
    }
}