{
    "timestamp": "2026-03-08 02:01:02",
    "version": "97",
    "target_depth": 6,
    "num_runs": 1,
    "passes": [
        {
            "nodes": 607535,
            "time": 67.13920211791992,
            "knps": 9.048886207091888
        }
    ],
    "overall_averages": {
        "total_nodes_per_pass": 607535.0,
        "total_time_sec_per_pass": 67.13920211791992,
        "avg_knps": 9.048886207091888
    }
}