{
    "timestamp": "2026-03-15 19:36:22",
    "version": "106.8",
    "target_depth": 6,
    "num_runs": 1,
    "passes": [
        {
            "nodes": 832560,
            "time": 78.70780682563782,
            "knps": 10.577857947997185
        }
    ],
    "overall_averages": {
        "total_nodes_per_pass": 832560.0,
        "total_time_sec_per_pass": 78.70780682563782,
        "avg_knps": 10.577857947997185
    }
}