{
    "timestamp": "2026-03-15 19:32:19",
    "version": "106.7",
    "target_depth": 6,
    "num_runs": 1,
    "passes": [
        {
            "nodes": 832560,
            "time": 87.88671827316284,
            "knps": 9.47310374489465
        }
    ],
    "overall_averages": {
        "total_nodes_per_pass": 832560.0,
        "total_time_sec_per_pass": 87.88671827316284,
        "avg_knps": 9.47310374489465
    }
}