{
    "timestamp": "2026-03-23 18:57:39",
    "version": "54",
    "target_depth": 6,
    "num_runs": 1,
    "passes": [
        {
            "nodes": 701577,
            "time": 53.87889242172241,
            "knps": 13.021370122247436
        }
    ],
    "overall_averages": {
        "total_nodes_per_pass": 701577.0,
        "total_time_sec_per_pass": 53.87889242172241,
        "avg_knps": 13.021370122247436
    }
}