{
    "timestamp": "2026-03-15 19:39:14",
    "version": "106.8",
    "target_depth": 6,
    "num_runs": 1,
    "passes": [
        {
            "nodes": 832560,
            "time": 80.99546599388123,
            "knps": 10.279093894748325
        }
    ],
    "overall_averages": {
        "total_nodes_per_pass": 832560.0,
        "total_time_sec_per_pass": 80.99546599388123,
        "avg_knps": 10.279093894748325
    }
}