{
    "timestamp": "2026-03-11 23:29:13",
    "version": "100.2",
    "target_depth": 6,
    "num_runs": 1,
    "passes": [
        {
            "nodes": 676164,
            "time": 67.45709466934204,
            "knps": 10.023615800745473
        }
    ],
    "overall_averages": {
        "total_nodes_per_pass": 676164.0,
        "total_time_sec_per_pass": 67.45709466934204,
        "avg_knps": 10.023615800745473
    }
}