{
    "timestamp": "2026-03-11 19:50:29",
    "version": "v100",
    "target_depth": 6,
    "num_runs": 1,
    "passes": [
        {
            "nodes": 648440,
            "time": 70.32290744781494,
            "knps": 9.220892928541
        }
    ],
    "overall_averages": {
        "total_nodes_per_pass": 648440.0,
        "total_time_sec_per_pass": 70.32290744781494,
        "avg_knps": 9.220892928541
    }
}