{
    "timestamp": "2026-03-09 00:01:35",
    "version": "98.4",
    "target_depth": 6,
    "num_runs": 1,
    "passes": [
        {
            "nodes": 640579,
            "time": 59.627482414245605,
            "knps": 10.74301603998225
        }
    ],
    "overall_averages": {
        "total_nodes_per_pass": 640579.0,
        "total_time_sec_per_pass": 59.627482414245605,
        "avg_knps": 10.74301603998225
    }
}