{
    "timestamp": "2026-03-14 01:59:25",
    "version": "106",
    "target_depth": 6,
    "num_runs": 1,
    "passes": [
        {
            "nodes": 791705,
            "time": 71.31796789169312,
            "knps": 11.101059430104923
        }
    ],
    "overall_averages": {
        "total_nodes_per_pass": 791705.0,
        "total_time_sec_per_pass": 71.31796789169312,
        "avg_knps": 11.101059430104923
    }
}