{
    "timestamp": "2026-03-08 14:50:13",
    "version": "v98.21",
    "target_depth": 6,
    "num_runs": 1,
    "passes": [
        {
            "nodes": 607043,
            "time": 53.45867729187012,
            "knps": 11.355368870907657
        }
    ],
    "overall_averages": {
        "total_nodes_per_pass": 607043.0,
        "total_time_sec_per_pass": 53.45867729187012,
        "avg_knps": 11.355368870907657
    }
}