{
    "timestamp": "2026-03-08 13:35:27",
    "version": "v98.2",
    "target_depth": 6,
    "num_runs": 1,
    "passes": [
        {
            "nodes": 607043,
            "time": 54.33059501647949,
            "knps": 11.173133660985535
        }
    ],
    "overall_averages": {
        "total_nodes_per_pass": 607043.0,
        "total_time_sec_per_pass": 54.33059501647949,
        "avg_knps": 11.173133660985535
    }
}