{
    "timestamp": "2026-03-08 00:36:01",
    "version": "v96.1",
    "target_depth": 6,
    "num_runs": 2,
    "passes": [
        {
            "nodes": 635085,
            "time": 83.77817964553833,
            "knps": 7.580553823048146
        },
        {
            "nodes": 635085,
            "time": 94.94875860214233,
            "knps": 6.688713042169995
        }
    ],
    "overall_averages": {
        "total_nodes_per_pass": 635085.0,
        "total_time_sec_per_pass": 89.36346912384033,
        "avg_knps": 7.106763045645599
    }
}