{
    "timestamp": "2026-03-16 01:38:21",
    "version": "107",
    "target_depth": 6,
    "num_runs": 1,
    "passes": [
        {
            "nodes": 701577,
            "time": 66.33388781547546,
            "knps": 10.57644927961428
        }
    ],
    "overall_averages": {
        "total_nodes_per_pass": 701577.0,
        "total_time_sec_per_pass": 66.33388781547546,
        "avg_knps": 10.57644927961428
    }
}