{
    "timestamp": "2026-03-08 01:30:04",
    "version": "v96.3",
    "target_depth": 6,
    "num_runs": 1,
    "passes": [
        {
            "nodes": 608459,
            "time": 70.26007318496704,
            "knps": 8.660096302464241
        }
    ],
    "overall_averages": {
        "total_nodes_per_pass": 608459.0,
        "total_time_sec_per_pass": 70.26007318496704,
        "avg_knps": 8.660096302464241
    }
}