{
    "timestamp": "2026-03-23 19:21:06",
    "version": "97",
    "target_depth": 6,
    "num_runs": 1,
    "passes": [
        {
            "nodes": 701577,
            "time": 98.94150042533875,
            "knps": 7.090826366933964
        }
    ],
    "overall_averages": {
        "total_nodes_per_pass": 701577.0,
        "total_time_sec_per_pass": 98.94150042533875,
        "avg_knps": 7.090826366933964
    }
}