{
    "timestamp": "2026-03-11 19:36:24",
    "version": "99",
    "target_depth": 6,
    "num_runs": 1,
    "passes": [
        {
            "nodes": 592345,
            "time": 61.29104471206665,
            "knps": 9.664462447698861
        }
    ],
    "overall_averages": {
        "total_nodes_per_pass": 592345.0,
        "total_time_sec_per_pass": 61.29104471206665,
        "avg_knps": 9.664462447698861
    }
}