{
    "timestamp": "2026-03-24 09:59:14",
    "version": "108.2",
    "target_depth": 6,
    "num_runs": 1,
    "passes": [
        {
            "nodes": 701577,
            "time": 57.00724411010742,
            "knps": 12.306804353582319
        }
    ],
    "overall_averages": {
        "total_nodes_per_pass": 701577.0,
        "total_time_sec_per_pass": 57.00724411010742,
        "avg_knps": 12.306804353582319
    }
}