{
    "timestamp": "2026-03-08 15:33:25",
    "version": "v98.3",
    "target_depth": 6,
    "num_runs": 1,
    "passes": [
        {
            "nodes": 629649,
            "time": 57.39955973625183,
            "knps": 10.969578911287932
        }
    ],
    "overall_averages": {
        "total_nodes_per_pass": 629649.0,
        "total_time_sec_per_pass": 57.39955973625183,
        "avg_knps": 10.969578911287932
    }
}