{
    "timestamp": "2026-03-08 00:56:24",
    "version": "v96.2",
    "target_depth": 6,
    "num_runs": 2,
    "passes": [
        {
            "nodes": 721864,
            "time": 83.97770762443542,
            "knps": 8.59590027425273
        },
        {
            "nodes": 721864,
            "time": 110.48096466064453,
            "knps": 6.533831436187143
        }
    ],
    "overall_averages": {
        "total_nodes_per_pass": 721864.0,
        "total_time_sec_per_pass": 97.22933614253998,
        "avg_knps": 7.424343604915025
    }
}