{
    "timestamp": "2026-03-08 01:45:59",
    "version": "96.4",
    "target_depth": 6,
    "num_runs": 1,
    "passes": [
        {
            "nodes": 607535,
            "time": 68.70596837997437,
            "knps": 8.84253601725054
        }
    ],
    "overall_averages": {
        "total_nodes_per_pass": 607535.0,
        "total_time_sec_per_pass": 68.70596837997437,
        "avg_knps": 8.84253601725054
    }
}