{
    "timestamp": "2026-03-09 22:00:18",
    "version": "98.8 real",
    "target_depth": 6,
    "num_runs": 1,
    "passes": [
        {
            "nodes": 615257,
            "time": 59.55290365219116,
            "knps": 10.331267868873468
        }
    ],
    "overall_averages": {
        "total_nodes_per_pass": 615257.0,
        "total_time_sec_per_pass": 59.55290365219116,
        "avg_knps": 10.331267868873468
    }
}