{
    "timestamp": "2026-03-09 21:52:34",
    "version": "98.7",
    "target_depth": 6,
    "num_runs": 1,
    "passes": [
        {
            "nodes": 639564,
            "time": 65.95893812179565,
            "knps": 9.696396246086028
        }
    ],
    "overall_averages": {
        "total_nodes_per_pass": 639564.0,
        "total_time_sec_per_pass": 65.95893812179565,
        "avg_knps": 9.696396246086028
    }
}