{
  "K": 0.6317544254898841,
  "final_mse": 0.07286315428756779,
  "generation_depth": 6,
  "random_opening_plies": 4,
  "tb_adjudication_pieces": 5,
  "mg": {
    "Pawn": 100,
    "Knight": 545,
    "Bishop": 625,
    "Rook": 270,
    "Queen": 520
  },
  "eg": {
    "Pawn": 65,
    "Knight": 1385,
    "Bishop": 755,
    "Rook": 950,
    "Queen": 1565
  },
  "total_positions": 35931,
  "timestamp": "2026-04-28 06:27:10"
}